"6","DELOREAN DMC-12","Sure, you know it. The famous Steven Spielberg’s “Back to the Future” trilogy made it to be recognized all around the world. Of course, it was not a home-made time machine, but a sports car manufactured by the DeLorean Motor Company between 1981 and 1983 in Ireland. Despite its look that gave the impression of a powerful car, it actually lacked power and overall performance. "
"7","CHRYSLER Pacifica","At the 2020 Chicago Auto Show, Chrysler showed its new 2021 Pacifica minivan. Even if it isn't a completely new vehicle, the updated version has enough features to be praised. For starters, there are new headlights, crafted with a more aggressive, linear design."
"8","CHRYSLER Imperial","With no time to spare, Walter Chrysler stormed the market with a luxurious model in 1931 when it introduced the Imperial lineup, and the result was overwhelming. While it was one of the youngest companies on the market, Chrysler believed that the customers would soon found its offer, and he was right. But first, he had to prepare a worthy vehicle, and that was the Imperial. "
"9","CHRYSLER Sebring Convertible","A best-seller over the year in American, Chrysler’s convertible Sebring was redesigned for 2008 and offered enhanced comfort, more luxurious featured and an extensive list of equipment. Not many competitors were available on the market at the time and the Sebring was slightly better than the Toyota’s Camry Solara, with better driving dynamics and more luxurious interior features. "
"10","CHRYSLER Six","Walter P. Chrysler launched the B-70 model on January 5th, 1924, at the Commodore Hotel in New York City, and it was the first car produced by Chrysler. Chrysler designed the car for the Willis Corporation in 1919, but since that company went bankrupt, it had two options: selling the project or building it himself. "
"11","CHEVROLET Bolt","Five years after the successful introduction of the first Bolt EV, Chevrolet introduced an updated version that looked like a completely new generation. Chevrolet sold over 100.000 units from the Bolt EV in just five years before introducing the 2021 version. Even if it wasn't a new generation, it showed some differences that made it more appealing. "
"12","CHEVROLET Equinox","Launched for the first time in 2005, the Chevrolet Equinox was, in the beginning, a re-badged Suzuki Vitara XL7. But in time, the model improved a lot and made it into becoming a respected medium SUV on the market. The evolution was constant and in 2015 it became a good contender in the mid-size SUV segment. "
"13","CHEVROLET Tahoe","Chevrolet Tahoe was first launched in 1995 and was initially called S10-Blazer, then simply Blazer and afterward rebadged as Tahoe. Now it is the best selling full-size SUV in the U.S. occupying over 25 percent of the segment, and for good reason: it is spacious, comfortable and ideal for long journeys. The new Tahoe is powered by 3 engines."
"14","CHEVROLET Traverse","The Chevrolet Traverse comes with a long list of available features and a lot of interior space for large families or passionate travelers. The vehicle comes with 7 seats, having a 3rd row and great cargo space behind. For 2020, the Traverse comes with updated exterior design, restyled interior and a variety of safety features. "
"15","CHEVROLET Corvette Coupe","The mid-engine Corvette has finally arrived on the market! It was a promise that GM showed and never fulfilled. But now it is finally here! Since the C4 Corvette, all the others were, basically, more or less just updates. But the leaf-spring transverse suspension was there, the look was about the same and the 5.7-liter V8 engine was only technologically updated."
"16","CHEVROLET Malibu","The ninth generation of the Chevrolet Malibu was introduced in 2015 at the New York Motor Show and it was updated in 2018 for the 2019 model year. Chevrolet did badge engineering since forever. In Europe, Opel and Vauxhall are one example. It was the same situation with other cars that crossed the Atlantic and received different names."
"17","CHEVROLET Camaro","It’s no new that the Camaro was well appreciated over the years. For 2019, Chevrolet redesigned the Camaro and added even more technology and options to suit every customer’s needs. The major changes for 2019 were the redesigned front and rear ends, the new LED headlamps available for every model and a new hood. "
"18","CHEVROLET Silverado","Exactly one century after Chevrolet delivered the first truck in January 1918, the American brand started the deliveries of the 2019 model Silverado. The new range was shown in December 2017 in Fort Worth, Texas."
"19","CADILLAC DeVille","After switching from the RWD to FWD in 1994, Cadillac renewed its DeVille model in 1999 as a 2000 model. The new G-platform was stiffer than the previous K used for the 1994 model. The wheelbase was extended with 3 cm (1.2”), but the 4.6-liter Northstar engine and the 4-speed automatic transmission were kept."
"20","CADILLAC CTS Coupe","The CTS Coupe was used to turn heads on the streets due to its appealing exterior design. The car was built with a slightly modified chassis, borrowed from the CTS sedan and was powered by a 3.0-liter V6 engine that produced 304 hp. The engine was mated to a standard 6-speed automatic gearbox."